text,label
"Government launches new AI-powered education scheme for rural students",0
"ISRO announces successful test of low-cost reusable rocket booster",0
"Scientists develop new antibiotic to fight drug-resistant bacteria",0
"RBI approves offline UPI payment for remote villages",0
"India becomes second-largest exporter of electric scooters",0
"New cancer treatment shows promising results in clinical trials",0
"Apple to open new research center in Bengaluru next year",0
"Delhi Metro announces facial-recognition entry system soon",0
"WHO confirms reduction in global measles cases this year",0
"Indian Railways to introduce high-speed track technology",0
"Mumbai to host International Tech Expo 2026",0
"Researchers create eco-friendly plastic from seaweed",0
"Government increases budget for cybersecurity research",0
"Electric buses to replace diesel fleet in major Indian cities",0
"Solar energy production in India reaches record high",0
"IIT scientists develop new earthquake warning sensor",0
"UPI payment limit increased for hospitals & education",0
"New species of fish discovered in the Indian Ocean",0
"India achieves record grain production this year",0
"AI used successfully to detect early-stage diabetes",0
"Aliens spotted walking near India Gate according to viral video",1
"Government to start charging money for sunlight from 2027",1
"Drinking cold drink increases height, claims viral WhatsApp message",1
"Indian trains will start flying using magnet engines by 2030",1
"WhatsApp to shut down permanently worldwide next month",1
"New law requires all citizens to wear GPS shoes",1
"Scientists confirm that Earth will stop rotating in 2028",1
"Government bans eating rice after 6 PM for health reasons",1
"Bollywood actor to marry AI robot next year",1
"New smartphone emits radiation that gives superpowers",1
"India to replace all textbooks with hologram projectors next year",1
"Drinking coconut water daily makes you invisible, says research",1
"Government plans to tax breathing to reduce pollution",1
"Facebook hacking virus spreading through profile pictures",1
"Schools to run 20 hours a day starting from 2026",1
"People living near Wifi towers will start glowing at night",1
"Scientists say Indian Ocean turning pink due to chemicals",1
"Government to launch floating cities on Ganga river",1
"New vaccine turns humans into zombies, claims viral post",1
"Eating only bananas can make you live to 200 years, study claims (viral claim 260).",0
New law will require everyone to wear identical shoes from 2026 (viral claim 368).,0
International summit agrees on new climate finance commitments (reported by local media 370).,1
Study finds improved crop yields using drought-resistant seeds (reported by local media 330).,1
Mobile phones cause people to levitate if used for more than 2 hours (viral claim 205).,0
India announces expansion of its national solar power initiative (reported by local media 339).,1
Microsoft publishes security patch fixing critical vulnerability (reported by local media 313).,1
Government to start charging citizens for access to sunlight next year (viral claim 256).,0
Secret government AI will replace all teachers starting next month (viral claim 429).,0
UN releases report on rising sea levels affecting coastal cities (reported by local media 68).,1
Researchers prove that drinking river water grants super strength (viral claim 405).,0
UN releases report on rising sea levels affecting coastal cities (reported by local media 38).,1
Microsoft publishes security patch fixing critical vulnerability (reported by local media 318).,1
Researchers prove that drinking river water grants super strength (viral claim 486).,0
Local government announces new subsidies for electric vehicles (reported by local media 469).,1
Wi-Fi signals will cause spontaneous teleportation in 2027 (viral claim 449).,0
WHO reports a decline in malaria cases after new vaccination campaign (reported by local media 140).,1
Secret government AI will replace all teachers starting next month (viral claim 441).,0
"New vaccine turns people into instant geniuses, lab says (viral claim 380).",0
New law will require everyone to wear identical shoes from 2026 (viral claim 159).,0
"Trees will start walking and migrating, botanists amazed (viral claim 274).",0
UN releases report on rising sea levels affecting coastal cities (reported by local media 87).,1
Mobile phones cause people to levitate if used for more than 2 hours (viral claim 185).,0
Scientists confirm humans can breathe in space without a suit (viral claim 263).,0
International summit agrees on new climate finance commitments (reported by local media 105).,1
"Eating only bananas can make you live to 200 years, study claims (viral claim 117).",0
"Trees will start walking and migrating, botanists amazed (viral claim 50).",0
Research shows that breakfast quality affects student performance (reported by local media 493).,1
Researchers develop a promising treatment for early-stage Alzheimer's (reported by local media 451).,1
"Eating only bananas can make you live to 200 years, study claims (viral claim 473).",0
Apple unveils updates to iOS improving battery performance (reported by local media 173).,1
Company introduces phone that can teleport you to another city (viral claim 69).,0
Mystery billionaire buys entire country to make it one big theme park (viral claim 310).,0
New phone app lets you control weather with a swipe (viral claim 249).,0
Microsoft publishes security patch fixing critical vulnerability (reported by local media 185).,1
Study shows regular exercise reduces anxiety among teenagers (reported by local media 99).,1
Volcano in the Arctic will melt overnight and reveal an ancient city (viral claim 343).,0
Researchers discover new biodegradable material from seaweed (reported by local media 292).,1
Scientists confirm humans can breathe in space without a suit (viral claim 450).,0
New law will require everyone to wear identical shoes from 2026 (viral claim 29).,0
Scientists identify a new species of deep-sea fish (reported by local media 164).,1
Health ministry approves new guidelines for diabetes management (reported by local media 48).,1
Study shows regular exercise reduces anxiety among teenagers (reported by local media 156).,1
Health ministry approves new guidelines for diabetes management (reported by local media 487).,1
Government to ban blinking after sunset for safety reasons (viral claim 149).,0
"Trees will start walking and migrating, botanists amazed (viral claim 138).",0
Local government announces new subsidies for electric vehicles (reported by local media 462).,1
New phone app lets you control weather with a swipe (viral claim 300).,0
Government to ban blinking after sunset for safety reasons (viral claim 219).,0
Mystery billionaire buys entire country to make it one big theme park (viral claim 418).,0
Apple unveils updates to iOS improving battery performance (reported by local media 285).,1
Mobile phones cause people to levitate if used for more than 2 hours (viral claim 439).,0
Mobile phones cause people to levitate if used for more than 2 hours (viral claim 130).,0
New public transport routes announced to reduce city congestion (reported by local media 289).,1
Scientists announce proof that Earth will stop rotating by 2030 (viral claim 11).,0
Local government announces new subsidies for electric vehicles (reported by local media 15).,1
Government to ban blinking after sunset for safety reasons (viral claim 308).,0
New public transport routes announced to reduce city congestion (reported by local media 5).,1
Researchers prove that drinking river water grants super strength (viral claim 110).,0
City unveils plan to plant one million trees in five years (reported by local media 410).,1
India announces expansion of its national solar power initiative (reported by local media 148).,1
Researchers discover new biodegradable material from seaweed (reported by local media 27).,1
Research shows that breakfast quality affects student performance (reported by local media 271).,1
Company introduces phone that can teleport you to another city (viral claim 104).,0
New public transport routes announced to reduce city congestion (reported by local media 302).,1
New public transport routes announced to reduce city congestion (reported by local media 346).,1
Breakthrough in battery tech could extend EV range significantly (reported by local media 331).,1
Study shows regular exercise reduces anxiety among teenagers (reported by local media 433).,1
Microsoft publishes security patch fixing critical vulnerability (reported by local media 35).,1
Wi-Fi signals will cause spontaneous teleportation in 2027 (viral claim 271).,0
"Wearing a hat backwards will increase your IQ, research shows (viral claim 53).",0
"New vaccine turns people into instant geniuses, lab says (viral claim 246).",0
University researchers map the human genome variations linked to disease (reported by local media 295).,1
"Trees will start walking and migrating, botanists amazed (viral claim 370).",0
Breakthrough in battery tech could extend EV range significantly (reported by local media 146).,1
New law will require everyone to wear identical shoes from 2026 (viral claim 144).,0
Study shows regular exercise reduces anxiety among teenagers (reported by local media 326).,1
Volcano in the Arctic will melt overnight and reveal an ancient city (viral claim 19).,0
Government to ban blinking after sunset for safety reasons (viral claim 294).,0
Scientists find a pill that erases bad memories permanently (viral claim 153).,0
Secret government AI will replace all teachers starting next month (viral claim 339).,0
UN releases report on rising sea levels affecting coastal cities (reported by local media 33).,1
Government to start charging citizens for access to sunlight next year (viral claim 137).,0
Volcano in the Arctic will melt overnight and reveal an ancient city (viral claim 33).,0
Local government announces new subsidies for electric vehicles (reported by local media 159).,1
New public transport routes announced to reduce city congestion (reported by local media 274).,1
Microsoft publishes security patch fixing critical vulnerability (reported by local media 499).,1
Health ministry approves new guidelines for diabetes management (reported by local media 357).,1
Government to ban blinking after sunset for safety reasons (viral claim 376).,0
"Eating only bananas can make you live to 200 years, study claims (viral claim 163).",0
Study finds improved crop yields using drought-resistant seeds (reported by local media 191).,1
"Wearing a hat backwards will increase your IQ, research shows (viral claim 225).",0
University researchers map the human genome variations linked to disease (reported by local media 261).,1
International summit agrees on new climate finance commitments (reported by local media 109).,1
Mobile phones cause people to levitate if used for more than 2 hours (viral claim 393).,0
India announces expansion of its national solar power initiative (reported by local media 218).,1
Microsoft publishes security patch fixing critical vulnerability (reported by local media 382).,1
Microsoft publishes security patch fixing critical vulnerability (reported by local media 44).,1
Company introduces phone that can teleport you to another city (viral claim 31).,0
New public transport routes announced to reduce city congestion (reported by local media 413).,1
Health ministry approves new guidelines for diabetes management (reported by local media 358).,1
Alien civilization moves into a hidden city under the Himalayas (viral claim 175).,0
Local government announces new subsidies for electric vehicles (reported by local media 468).,1
International summit agrees on new climate finance commitments (reported by local media 128).,1
Mystery billionaire buys entire country to make it one big theme park (viral claim 317).,0
Researchers develop a promising treatment for early-stage Alzheimer's (reported by local media 322).,1
Microsoft publishes security patch fixing critical vulnerability (reported by local media 277).,1
Drinking saltwater cures all diseases according to viral report (viral claim 479).,0
Researchers develop a promising treatment for early-stage Alzheimer's (reported by local media 84).,1
Mystery billionaire buys entire country to make it one big theme park (viral claim 458).,0
India announces expansion of its national solar power initiative (reported by local media 264).,1
Scientists announce proof that Earth will stop rotating by 2030 (viral claim 411).,0
Drinking saltwater cures all diseases according to viral report (viral claim 492).,0
City unveils plan to plant one million trees in five years (reported by local media 408).,1
Local government announces new subsidies for electric vehicles (reported by local media 43).,1
University researchers map the human genome variations linked to disease (reported by local media 216).,1
Study finds improved crop yields using drought-resistant seeds (reported by local media 92).,1
SpaceX successfully launches a new batch of communication satellites (reported by local media 489).,1
WHO reports a decline in malaria cases after new vaccination campaign (reported by local media 267).,1
Study shows regular exercise reduces anxiety among teenagers (reported by local media 147).,1
International summit agrees on new climate finance commitments (reported by local media 446).,1
"Wearing a hat backwards will increase your IQ, research shows (viral claim 212).",0
Company introduces phone that can teleport you to another city (viral claim 356).,0
WHO reports a decline in malaria cases after new vaccination campaign (reported by local media 130).,1
"Trees will start walking and migrating, botanists amazed (viral claim 118).",0
Scientists announce proof that Earth will stop rotating by 2030 (viral claim 279).,0
Government to start charging citizens for access to sunlight next year (viral claim 291).,0
Volcano in the Arctic will melt overnight and reveal an ancient city (viral claim 222).,0
Company introduces phone that can teleport you to another city (viral claim 433).,0
NASA confirms successful test of its new Earth observation satellite (reported by local media 400).,1
Wi-Fi signals will cause spontaneous teleportation in 2027 (viral claim 299).,0
Scientists announce proof that Earth will stop rotating by 2030 (viral claim 424).,0
Company introduces phone that can teleport you to another city (viral claim 132).,0
Mystery billionaire buys entire country to make it one big theme park (viral claim 497).,0
Mystery billionaire buys entire country to make it one big theme park (viral claim 264).,0
New law will require everyone to wear identical shoes from 2026 (viral claim 27).,0
Researchers develop a promising treatment for early-stage Alzheimer's (reported by local media 60).,1
Government to ban blinking after sunset for safety reasons (viral claim 107).,0
Government to ban blinking after sunset for safety reasons (viral claim 12).,0
Breakthrough in battery tech could extend EV range significantly (reported by local media 36).,1
Health ministry approves new guidelines for diabetes management (reported by local media 22).,1
"Trees will start walking and migrating, botanists amazed (viral claim 123).",0
Scientists confirm humans can breathe in space without a suit (viral claim 360).,0
Government to start charging citizens for access to sunlight next year (viral claim 140).,0
Drinking saltwater cures all diseases according to viral report (viral claim 446).,0
Microsoft publishes security patch fixing critical vulnerability (reported by local media 457).,1
International summit agrees on new climate finance commitments (reported by local media 405).,1
Study shows regular exercise reduces anxiety among teenagers (reported by local media 122).,1
Researchers develop a promising treatment for early-stage Alzheimer's (reported by local media 411).,1
Drinking saltwater cures all diseases according to viral report (viral claim 160).,0
Scientists announce proof that Earth will stop rotating by 2030 (viral claim 321).,0
India announces expansion of its national solar power initiative (reported by local media 79).,1
New phone app lets you control weather with a swipe (viral claim 488).,0
Company introduces phone that can teleport you to another city (viral claim 214).,0
Scientists find a pill that erases bad memories permanently (viral claim 470).,0
New public transport routes announced to reduce city congestion (reported by local media 231).,1
Company introduces phone that can teleport you to another city (viral claim 154).,0
Drinking saltwater cures all diseases according to viral report (viral claim 348).,0
Study shows regular exercise reduces anxiety among teenagers (reported by local media 30).,1
Health ministry approves new guidelines for diabetes management (reported by local media 442).,1
"Wearing a hat backwards will increase your IQ, research shows (viral claim 297).",0
Scientists announce proof that Earth will stop rotating by 2030 (viral claim 383).,0
Scientists confirm humans can breathe in space without a suit (viral claim 324).,0
Breakthrough in battery tech could extend EV range significantly (reported by local media 325).,1
New law will require everyone to wear identical shoes from 2026 (viral claim 432).,0
City unveils plan to plant one million trees in five years (reported by local media 334).,1
Study shows regular exercise reduces anxiety among teenagers (reported by local media 149).,1
Scientists find a pill that erases bad memories permanently (viral claim 344).,0
University researchers map the human genome variations linked to disease (reported by local media 157).,1
Researchers discover new biodegradable material from seaweed (reported by local media 155).,1
Company introduces phone that can teleport you to another city (viral claim 180).,0
"Wearing a hat backwards will increase your IQ, research shows (viral claim 239).",0
Apple unveils updates to iOS improving battery performance (reported by local media 55).,1
"Eating only bananas can make you live to 200 years, study claims (viral claim 494).",0
NASA confirms successful test of its new Earth observation satellite (reported by local media 243).,1
New law will require everyone to wear identical shoes from 2026 (viral claim 181).,0
UN releases report on rising sea levels affecting coastal cities (reported by local media 127).,1
"Wearing a hat backwards will increase your IQ, research shows (viral claim 129).",0
SpaceX successfully launches a new batch of communication satellites (reported by local media 401).,1
Scientists announce proof that Earth will stop rotating by 2030 (viral claim 338).,0
Health ministry approves new guidelines for diabetes management (reported by local media 247).,1
SpaceX successfully launches a new batch of communication satellites (reported by local media 335).,1
Researchers prove that drinking river water grants super strength (viral claim 188).,0
Apple unveils updates to iOS improving battery performance (reported by local media 263).,1
"Eating only bananas can make you live to 200 years, study claims (viral claim 422).",0
Drinking saltwater cures all diseases according to viral report (viral claim 68).,0
"Eating only bananas can make you live to 200 years, study claims (viral claim 177).",0
Company introduces phone that can teleport you to another city (viral claim 182).,0
NASA confirms successful test of its new Earth observation satellite (reported by local media 471).,1
Scientists announce proof that Earth will stop rotating by 2030 (viral claim 374).,0
Scientists identify a new species of deep-sea fish (reported by local media 474).,1
Wi-Fi signals will cause spontaneous teleportation in 2027 (viral claim 414).,0
City unveils plan to plant one million trees in five years (reported by local media 328).,1
Scientists confirm humans can breathe in space without a suit (viral claim 99).,0
Alien civilization moves into a hidden city under the Himalayas (viral claim 106).,0
New public transport routes announced to reduce city congestion (reported by local media 204).,1
Researchers develop a promising treatment for early-stage Alzheimer's (reported by local media 166).,1
Study shows regular exercise reduces anxiety among teenagers (reported by local media 104).,1
Wi-Fi signals will cause spontaneous teleportation in 2027 (viral claim 306).,0
University researchers map the human genome variations linked to disease (reported by local media 39).,1
Mystery billionaire buys entire country to make it one big theme park (viral claim 14).,0
"Trees will start walking and migrating, botanists amazed (viral claim 267).",0
Mystery billionaire buys entire country to make it one big theme park (viral claim 347).,0
Scientists find a pill that erases bad memories permanently (viral claim 278).,0
City unveils plan to plant one million trees in five years (reported by local media 418).,1
New public transport routes announced to reduce city congestion (reported by local media 298).,1
New law will require everyone to wear identical shoes from 2026 (viral claim 82).,0
International summit agrees on new climate finance commitments (reported by local media 459).,1
Drinking saltwater cures all diseases according to viral report (viral claim 247).,0
India announces expansion of its national solar power initiative (reported by local media 412).,1
Volcano in the Arctic will melt overnight and reveal an ancient city (viral claim 32).,0
Mobile phones cause people to levitate if used for more than 2 hours (viral claim 70).,0
Researchers prove that drinking river water grants super strength (viral claim 462).,0
Wi-Fi signals will cause spontaneous teleportation in 2027 (viral claim 413).,0
Researchers prove that drinking river water grants super strength (viral claim 327).,0
Volcano in the Arctic will melt overnight and reveal an ancient city (viral claim 165).,0
India announces expansion of its national solar power initiative (reported by local media 332).,1
Government to start charging citizens for access to sunlight next year (viral claim 124).,0
Company introduces phone that can teleport you to another city (viral claim 453).,0
City unveils plan to plant one million trees in five years (reported by local media 354).,1
Government to ban blinking after sunset for safety reasons (viral claim 152).,0
NASA confirms successful test of its new Earth observation satellite (reported by local media 367).,1
Researchers prove that drinking river water grants super strength (viral claim 487).,0
"Trees will start walking and migrating, botanists amazed (viral claim 24).",0
WHO reports a decline in malaria cases after new vaccination campaign (reported by local media 448).,1
Microsoft publishes security patch fixing critical vulnerability (reported by local media 1).,1
Local government announces new subsidies for electric vehicles (reported by local media 272).,1
Research shows that breakfast quality affects student performance (reported by local media 175).,1
City unveils plan to plant one million trees in five years (reported by local media 452).,1
Study shows regular exercise reduces anxiety among teenagers (reported by local media 268).,1
SpaceX successfully launches a new batch of communication satellites (reported by local media 172).,1
Microsoft publishes security patch fixing critical vulnerability (reported by local media 497).,1
Wi-Fi signals will cause spontaneous teleportation in 2027 (viral claim 240).,0
"Eating only bananas can make you live to 200 years, study claims (viral claim 287).",0
"Eating only bananas can make you live to 200 years, study claims (viral claim 16).",0
Company introduces phone that can teleport you to another city (viral claim 15).,0
"Wearing a hat backwards will increase your IQ, research shows (viral claim 115).",0
Wi-Fi signals will cause spontaneous teleportation in 2027 (viral claim 481).,0
Local government announces new subsidies for electric vehicles (reported by local media 96).,1
Scientists announce proof that Earth will stop rotating by 2030 (viral claim 166).,0
Scientists announce proof that Earth will stop rotating by 2030 (viral claim 1).,0
WHO reports a decline in malaria cases after new vaccination campaign (reported by local media 102).,1
Study shows regular exercise reduces anxiety among teenagers (reported by local media 257).,1
Researchers prove that drinking river water grants super strength (viral claim 399).,0
City unveils plan to plant one million trees in five years (reported by local media 153).,1
Scientists announce proof that Earth will stop rotating by 2030 (viral claim 54).,0
Study finds improved crop yields using drought-resistant seeds (reported by local media 215).,1
Drinking saltwater cures all diseases according to viral report (viral claim 38).,0
Study shows regular exercise reduces anxiety among teenagers (reported by local media 42).,1
UN releases report on rising sea levels affecting coastal cities (reported by local media 143).,1
Local government announces new subsidies for electric vehicles (reported by local media 41).,1
Scientists find a pill that erases bad memories permanently (viral claim 495).,0
Scientists confirm humans can breathe in space without a suit (viral claim 394).,0
Researchers develop a promising treatment for early-stage Alzheimer's (reported by local media 447).,1
New public transport routes announced to reduce city congestion (reported by local media 199).,1
Government to ban blinking after sunset for safety reasons (viral claim 161).,0
Mystery billionaire buys entire country to make it one big theme park (viral claim 259).,0
City unveils plan to plant one million trees in five years (reported by local media 458).,1
New public transport routes announced to reduce city congestion (reported by local media 461).,1
Alien civilization moves into a hidden city under the Himalayas (viral claim 2).,0
Wi-Fi signals will cause spontaneous teleportation in 2027 (viral claim 365).,0
Wi-Fi signals will cause spontaneous teleportation in 2027 (viral claim 232).,0
Alien civilization moves into a hidden city under the Himalayas (viral claim 48).,0
Health ministry approves new guidelines for diabetes management (reported by local media 133).,1
"Eating only bananas can make you live to 200 years, study claims (viral claim 178).",0
City unveils plan to plant one million trees in five years (reported by local media 434).,1
International summit agrees on new climate finance commitments (reported by local media 399).,1
Research shows that breakfast quality affects student performance (reported by local media 190).,1
"New vaccine turns people into instant geniuses, lab says (viral claim 315).",0
Government to start charging citizens for access to sunlight next year (viral claim 190).,0
New public transport routes announced to reduce city congestion (reported by local media 245).,1
New public transport routes announced to reduce city congestion (reported by local media 59).,1
Microsoft publishes security patch fixing critical vulnerability (reported by local media 450).,1
Research shows that breakfast quality affects student performance (reported by local media 125).,1
New phone app lets you control weather with a swipe (viral claim 261).,0
Government to ban blinking after sunset for safety reasons (viral claim 4).,0
Study shows regular exercise reduces anxiety among teenagers (reported by local media 98).,1
Company introduces phone that can teleport you to another city (viral claim 301).,0
Scientists announce proof that Earth will stop rotating by 2030 (viral claim 40).,0
"Eating only bananas can make you live to 200 years, study claims (viral claim 391).",0
Government to ban blinking after sunset for safety reasons (viral claim 293).,0
Alien civilization moves into a hidden city under the Himalayas (viral claim 398).,0
Alien civilization moves into a hidden city under the Himalayas (viral claim 119).,0
UN releases report on rising sea levels affecting coastal cities (reported by local media 145).,1
"Eating only bananas can make you live to 200 years, study claims (viral claim 105).",0
Government to ban blinking after sunset for safety reasons (viral claim 358).,0
Scientists find a pill that erases bad memories permanently (viral claim 179).,0
Scientists find a pill that erases bad memories permanently (viral claim 224).,0
Drinking saltwater cures all diseases according to viral report (viral claim 113).,0
Breakthrough in battery tech could extend EV range significantly (reported by local media 475).,1
WHO reports a decline in malaria cases after new vaccination campaign (reported by local media 473).,1
SpaceX successfully launches a new batch of communication satellites (reported by local media 398).,1
New law will require everyone to wear identical shoes from 2026 (viral claim 250).,0
Local government announces new subsidies for electric vehicles (reported by local media 232).,1
WHO reports a decline in malaria cases after new vaccination campaign (reported by local media 181).,1
SpaceX successfully launches a new batch of communication satellites (reported by local media 234).,1
New law will require everyone to wear identical shoes from 2026 (viral claim 467).,0
Researchers develop a promising treatment for early-stage Alzheimer's (reported by local media 214).,1
"Trees will start walking and migrating, botanists amazed (viral claim 3).",0
"New vaccine turns people into instant geniuses, lab says (viral claim 77).",0
Scientists find a pill that erases bad memories permanently (viral claim 270).,0
Microsoft publishes security patch fixing critical vulnerability (reported by local media 220).,1
City unveils plan to plant one million trees in five years (reported by local media 241).,1
Study shows regular exercise reduces anxiety among teenagers (reported by local media 211).,1
City unveils plan to plant one million trees in five years (reported by local media 389).,1
Volcano in the Arctic will melt overnight and reveal an ancient city (viral claim 474).,0
Study finds improved crop yields using drought-resistant seeds (reported by local media 167).,1
Researchers develop a promising treatment for early-stage Alzheimer's (reported by local media 288).,1
Health ministry approves new guidelines for diabetes management (reported by local media 467).,1
"New vaccine turns people into instant geniuses, lab says (viral claim 283).",0
SpaceX successfully launches a new batch of communication satellites (reported by local media 297).,1
Study shows regular exercise reduces anxiety among teenagers (reported by local media 265).,1
Drinking saltwater cures all diseases according to viral report (viral claim 290).,0
Mystery billionaire buys entire country to make it one big theme park (viral claim 353).,0
Breakthrough in battery tech could extend EV range significantly (reported by local media 224).,1
"Eating only bananas can make you live to 200 years, study claims (viral claim 226).",0
WHO reports a decline in malaria cases after new vaccination campaign (reported by local media 114).,1
Microsoft publishes security patch fixing critical vulnerability (reported by local media 176).,1
Microsoft publishes security patch fixing critical vulnerability (reported by local media 364).,1
Research shows that breakfast quality affects student performance (reported by local media 106).,1
Company introduces phone that can teleport you to another city (viral claim 39).,0
Apple unveils updates to iOS improving battery performance (reported by local media 74).,1
Breakthrough in battery tech could extend EV range significantly (reported by local media 151).,1
Local government announces new subsidies for electric vehicles (reported by local media 314).,1
Company introduces phone that can teleport you to another city (viral claim 388).,0
Researchers develop a promising treatment for early-stage Alzheimer's (reported by local media 253).,1
NASA confirms successful test of its new Earth observation satellite (reported by local media 171).,1
"Trees will start walking and migrating, botanists amazed (viral claim 242).",0
Scientists announce proof that Earth will stop rotating by 2030 (viral claim 355).,0
Researchers prove that drinking river water grants super strength (viral claim 66).,0
Wi-Fi signals will cause spontaneous teleportation in 2027 (viral claim 351).,0
"New vaccine turns people into instant geniuses, lab says (viral claim 155).",0
International summit agrees on new climate finance commitments (reported by local media 361).,1
"Eating only bananas can make you live to 200 years, study claims (viral claim 314).",0
India announces expansion of its national solar power initiative (reported by local media 0).,1
SpaceX successfully launches a new batch of communication satellites (reported by local media 158).,1
Health ministry approves new guidelines for diabetes management (reported by local media 353).,1
Scientists find a pill that erases bad memories permanently (viral claim 273).,0
Research shows that breakfast quality affects student performance (reported by local media 436).,1
Scientists identify a new species of deep-sea fish (reported by local media 266).,1
"Eating only bananas can make you live to 200 years, study claims (viral claim 238).",0
New public transport routes announced to reduce city congestion (reported by local media 202).,1
International summit agrees on new climate finance commitments (reported by local media 86).,1
Scientists find a pill that erases bad memories permanently (viral claim 62).,0
Study shows regular exercise reduces anxiety among teenagers (reported by local media 197).,1
SpaceX successfully launches a new batch of communication satellites (reported by local media 210).,1
International summit agrees on new climate finance commitments (reported by local media 276).,1
Scientists announce proof that Earth will stop rotating by 2030 (viral claim 451).,0
Researchers discover new biodegradable material from seaweed (reported by local media 45).,1
Researchers prove that drinking river water grants super strength (viral claim 469).,0
"Eating only bananas can make you live to 200 years, study claims (viral claim 90).",0
Researchers discover new biodegradable material from seaweed (reported by local media 137).,1
Wi-Fi signals will cause spontaneous teleportation in 2027 (viral claim 447).,0
"Eating only bananas can make you live to 200 years, study claims (viral claim 34).",0
New law will require everyone to wear identical shoes from 2026 (viral claim 145).,0
Company introduces phone that can teleport you to another city (viral claim 65).,0
Breakthrough in battery tech could extend EV range significantly (reported by local media 150).,1
Researchers discover new biodegradable material from seaweed (reported by local media 212).,1
Research shows that breakfast quality affects student performance (reported by local media 163).,1
SpaceX successfully launches a new batch of communication satellites (reported by local media 72).,1
Scientists confirm humans can breathe in space without a suit (viral claim 211).,0
Research shows that breakfast quality affects student performance (reported by local media 290).,1
Mystery billionaire buys entire country to make it one big theme park (viral claim 67).,0
India announces expansion of its national solar power initiative (reported by local media 225).,1
City unveils plan to plant one million trees in five years (reported by local media 82).,1
UN releases report on rising sea levels affecting coastal cities (reported by local media 14).,1
Mobile phones cause people to levitate if used for more than 2 hours (viral claim 386).,0
Scientists confirm humans can breathe in space without a suit (viral claim 96).,0
WHO reports a decline in malaria cases after new vaccination campaign (reported by local media 194).,1
Researchers develop a promising treatment for early-stage Alzheimer's (reported by local media 426).,1
"Trees will start walking and migrating, botanists amazed (viral claim 84).",0
New phone app lets you control weather with a swipe (viral claim 352).,0
Scientists identify a new species of deep-sea fish (reported by local media 70).,1
"Trees will start walking and migrating, botanists amazed (viral claim 86).",0
India announces expansion of its national solar power initiative (reported by local media 3).,1
Drinking saltwater cures all diseases according to viral report (viral claim 372).,0
New public transport routes announced to reduce city congestion (reported by local media 239).,1
Mobile phones cause people to levitate if used for more than 2 hours (viral claim 36).,0
UN releases report on rising sea levels affecting coastal cities (reported by local media 455).,1
"Wearing a hat backwards will increase your IQ, research shows (viral claim 406).",0
Health ministry approves new guidelines for diabetes management (reported by local media 119).,1
Scientists find a pill that erases bad memories permanently (viral claim 72).,0
Microsoft publishes security patch fixing critical vulnerability (reported by local media 396).,1
Study shows regular exercise reduces anxiety among teenagers (reported by local media 117).,1
Researchers discover new biodegradable material from seaweed (reported by local media 110).,1
"New vaccine turns people into instant geniuses, lab says (viral claim 461).",0
UN releases report on rising sea levels affecting coastal cities (reported by local media 250).,1
Local government announces new subsidies for electric vehicles (reported by local media 66).,1
Breakthrough in battery tech could extend EV range significantly (reported by local media 495).,1
Researchers discover new biodegradable material from seaweed (reported by local media 387).,1
Drinking saltwater cures all diseases according to viral report (viral claim 92).,0
Wi-Fi signals will cause spontaneous teleportation in 2027 (viral claim 20).,0
Study finds improved crop yields using drought-resistant seeds (reported by local media 348).,1
Study finds improved crop yields using drought-resistant seeds (reported by local media 54).,1
NASA confirms successful test of its new Earth observation satellite (reported by local media 294).,1
WHO reports a decline in malaria cases after new vaccination campaign (reported by local media 28).,1
Scientists confirm humans can breathe in space without a suit (viral claim 202).,0
India announces expansion of its national solar power initiative (reported by local media 221).,1
Scientists find a pill that erases bad memories permanently (viral claim 378).,0
Scientists find a pill that erases bad memories permanently (viral claim 498).,0
Health ministry approves new guidelines for diabetes management (reported by local media 12).,1
Researchers prove that drinking river water grants super strength (viral claim 233).,0
Alien civilization moves into a hidden city under the Himalayas (viral claim 269).,0
Mobile phones cause people to levitate if used for more than 2 hours (viral claim 265).,0
City unveils plan to plant one million trees in five years (reported by local media 309).,1
India announces expansion of its national solar power initiative (reported by local media 347).,1
UN releases report on rising sea levels affecting coastal cities (reported by local media 463).,1
Research shows that breakfast quality affects student performance (reported by local media 169).,1
Wi-Fi signals will cause spontaneous teleportation in 2027 (viral claim 25).,0
Scientists announce proof that Earth will stop rotating by 2030 (viral claim 253).,0
Breakthrough in battery tech could extend EV range significantly (reported by local media 258).,1
International summit agrees on new climate finance commitments (reported by local media 460).,1
Secret government AI will replace all teachers starting next month (viral claim 390).,0
University researchers map the human genome variations linked to disease (reported by local media 132).,1
Government to start charging citizens for access to sunlight next year (viral claim 408).,0
Local government announces new subsidies for electric vehicles (reported by local media 355).,1
City unveils plan to plant one million trees in five years (reported by local media 341).,1
University researchers map the human genome variations linked to disease (reported by local media 416).,1
Health ministry approves new guidelines for diabetes management (reported by local media 259).,1
Mystery billionaire buys entire country to make it one big theme park (viral claim 223).,0
NASA confirms successful test of its new Earth observation satellite (reported by local media 9).,1
Scientists announce proof that Earth will stop rotating by 2030 (viral claim 357).,0
Secret government AI will replace all teachers starting next month (viral claim 241).,0
Research shows that breakfast quality affects student performance (reported by local media 284).,1
"Trees will start walking and migrating, botanists amazed (viral claim 216).",0
Scientists confirm humans can breathe in space without a suit (viral claim 183).,0
Government to start charging citizens for access to sunlight next year (viral claim 41).,0
Researchers prove that drinking river water grants super strength (viral claim 30).,0
International summit agrees on new climate finance commitments (reported by local media 319).,1
Researchers discover new biodegradable material from seaweed (reported by local media 136).,1
Scientists find a pill that erases bad memories permanently (viral claim 142).,0
International summit agrees on new climate finance commitments (reported by local media 180).,1
Breakthrough in battery tech could extend EV range significantly (reported by local media 177).,1
New public transport routes announced to reduce city congestion (reported by local media 228).,1
WHO reports a decline in malaria cases after new vaccination campaign (reported by local media 139).,1
NASA confirms successful test of its new Earth observation satellite (reported by local media 6).,1
SpaceX successfully launches a new batch of communication satellites (reported by local media 91).,1
Local government announces new subsidies for electric vehicles (reported by local media 184).,1
Wi-Fi signals will cause spontaneous teleportation in 2027 (viral claim 440).,0
Scientists confirm humans can breathe in space without a suit (viral claim 307).,0
Mystery billionaire buys entire country to make it one big theme park (viral claim 111).,0
Study shows regular exercise reduces anxiety among teenagers (reported by local media 286).,1
New public transport routes announced to reduce city congestion (reported by local media 485).,1
Alien civilization moves into a hidden city under the Himalayas (viral claim 326).,0
Drinking saltwater cures all diseases according to viral report (viral claim 272).,0
New public transport routes announced to reduce city congestion (reported by local media 291).,1
"Wearing a hat backwards will increase your IQ, research shows (viral claim 316).",0
Scientists identify a new species of deep-sea fish (reported by local media 88).,1
Mobile phones cause people to levitate if used for more than 2 hours (viral claim 332).,0
"Wearing a hat backwards will increase your IQ, research shows (viral claim 336).",0
Mystery billionaire buys entire country to make it one big theme park (viral claim 292).,0
Scientists announce proof that Earth will stop rotating by 2030 (viral claim 436).,0
"Eating only bananas can make you live to 200 years, study claims (viral claim 196).",0
Scientists announce proof that Earth will stop rotating by 2030 (viral claim 81).,0
India announces expansion of its national solar power initiative (reported by local media 124).,1
Microsoft publishes security patch fixing critical vulnerability (reported by local media 317).,1
Researchers prove that drinking river water grants super strength (viral claim 442).,0
Scientists confirm humans can breathe in space without a suit (viral claim 334).,0
"Trees will start walking and migrating, botanists amazed (viral claim 187).",0
India announces expansion of its national solar power initiative (reported by local media 206).,1
Research shows that breakfast quality affects student performance (reported by local media 37).,1
New law will require everyone to wear identical shoes from 2026 (viral claim 56).,0
Research shows that breakfast quality affects student performance (reported by local media 299).,1
Researchers prove that drinking river water grants super strength (viral claim 480).,0
Study finds improved crop yields using drought-resistant seeds (reported by local media 195).,1
City unveils plan to plant one million trees in five years (reported by local media 52).,1
WHO reports a decline in malaria cases after new vaccination campaign (reported by local media 57).,1
"Eating only bananas can make you live to 200 years, study claims (viral claim 208).",0
Scientists announce proof that Earth will stop rotating by 2030 (viral claim 262).,0
Scientists confirm humans can breathe in space without a suit (viral claim 228).,0
Scientists announce proof that Earth will stop rotating by 2030 (viral claim 204).,0
Local government announces new subsidies for electric vehicles (reported by local media 46).,1
SpaceX successfully launches a new batch of communication satellites (reported by local media 465).,1
New law will require everyone to wear identical shoes from 2026 (viral claim 44).,0
UN releases report on rising sea levels affecting coastal cities (reported by local media 168).,1
University researchers map the human genome variations linked to disease (reported by local media 494).,1
Volcano in the Arctic will melt overnight and reveal an ancient city (viral claim 460).,0
Government to start charging citizens for access to sunlight next year (viral claim 466).,0
New phone app lets you control weather with a swipe (viral claim 302).,0
Volcano in the Arctic will melt overnight and reveal an ancient city (viral claim 296).,0
Drinking saltwater cures all diseases according to viral report (viral claim 305).,0
International summit agrees on new climate finance commitments (reported by local media 47).,1
Government to start charging citizens for access to sunlight next year (viral claim 5).,0
Study finds improved crop yields using drought-resistant seeds (reported by local media 198).,1
Drinking saltwater cures all diseases according to viral report (viral claim 266).,0
Government to start charging citizens for access to sunlight next year (viral claim 21).,0
Microsoft publishes security patch fixing critical vulnerability (reported by local media 21).,1
Company introduces phone that can teleport you to another city (viral claim 164).,0
New phone app lets you control weather with a swipe (viral claim 83).,0
"Eating only bananas can make you live to 200 years, study claims (viral claim 248).",0
Apple unveils updates to iOS improving battery performance (reported by local media 438).,1
"Trees will start walking and migrating, botanists amazed (viral claim 298).",0
Research shows that breakfast quality affects student performance (reported by local media 378).,1
Study shows regular exercise reduces anxiety among teenagers (reported by local media 50).,1
Local government announces new subsidies for electric vehicles (reported by local media 213).,1
New public transport routes announced to reduce city congestion (reported by local media 89).,1
New public transport routes announced to reduce city congestion (reported by local media 222).,1
Study shows regular exercise reduces anxiety among teenagers (reported by local media 208).,1
New public transport routes announced to reduce city congestion (reported by local media 435).,1
City unveils plan to plant one million trees in five years (reported by local media 441).,1
Breakthrough in battery tech could extend EV range significantly (reported by local media 340).,1
Wi-Fi signals will cause spontaneous teleportation in 2027 (viral claim 88).,0
Researchers prove that drinking river water grants super strength (viral claim 197).,0
New phone app lets you control weather with a swipe (viral claim 455).,0
Government to start charging citizens for access to sunlight next year (viral claim 396).,0
International summit agrees on new climate finance commitments (reported by local media 480).,1
Study finds improved crop yields using drought-resistant seeds (reported by local media 342).,1
Government to ban blinking after sunset for safety reasons (viral claim 191).,0
Research shows that breakfast quality affects student performance (reported by local media 478).,1
Scientists announce proof that Earth will stop rotating by 2030 (viral claim 375).,0
New phone app lets you control weather with a swipe (viral claim 128).,0
Health ministry approves new guidelines for diabetes management (reported by local media 269).,1
Secret government AI will replace all teachers starting next month (viral claim 167).,0
Scientists announce proof that Earth will stop rotating by 2030 (viral claim 7).,0
India announces expansion of its national solar power initiative (reported by local media 162).,1
Study finds improved crop yields using drought-resistant seeds (reported by local media 379).,1
India announces expansion of its national solar power initiative (reported by local media 111).,1
"Eating only bananas can make you live to 200 years, study claims (viral claim 89).",0
New phone app lets you control weather with a swipe (viral claim 491).,0
New public transport routes announced to reduce city congestion (reported by local media 11).,1
Local government announces new subsidies for electric vehicles (reported by local media 178).,1
SpaceX successfully launches a new batch of communication satellites (reported by local media 333).,1
Scientists announce proof that Earth will stop rotating by 2030 (viral claim 430).,0
Breakthrough in battery tech could extend EV range significantly (reported by local media 170).,1
Scientists find a pill that erases bad memories permanently (viral claim 215).,0
Mobile phones cause people to levitate if used for more than 2 hours (viral claim 275).,0
Drinking saltwater cures all diseases according to viral report (viral claim 416).,0
New law will require everyone to wear identical shoes from 2026 (viral claim 101).,0
Health ministry approves new guidelines for diabetes management (reported by local media 315).,1
"Eating only bananas can make you live to 200 years, study claims (viral claim 46).",0
International summit agrees on new climate finance commitments (reported by local media 279).,1
Study finds improved crop yields using drought-resistant seeds (reported by local media 34).,1
Apple unveils updates to iOS improving battery performance (reported by local media 311).,1
Scientists identify a new species of deep-sea fish (reported by local media 142).,1
Researchers discover new biodegradable material from seaweed (reported by local media 422).,1
Local government announces new subsidies for electric vehicles (reported by local media 217).,1
Scientists confirm humans can breathe in space without a suit (viral claim 76).,0
Scientists announce proof that Earth will stop rotating by 2030 (viral claim 37).,0
Microsoft publishes security patch fixing critical vulnerability (reported by local media 365).,1
Local government announces new subsidies for electric vehicles (reported by local media 223).,1
India announces expansion of its national solar power initiative (reported by local media 94).,1
Alien civilization moves into a hidden city under the Himalayas (viral claim 135).,0
Researchers discover new biodegradable material from seaweed (reported by local media 118).,1
Secret government AI will replace all teachers starting next month (viral claim 243).,0
Mobile phones cause people to levitate if used for more than 2 hours (viral claim 58).,0
"Trees will start walking and migrating, botanists amazed (viral claim 471).",0
NASA confirms successful test of its new Earth observation satellite (reported by local media 256).,1
"Trees will start walking and migrating, botanists amazed (viral claim 412).",0
New phone app lets you control weather with a swipe (viral claim 295).,0
Microsoft publishes security patch fixing critical vulnerability (reported by local media 63).,1
Apple unveils updates to iOS improving battery performance (reported by local media 58).,1
"Wearing a hat backwards will increase your IQ, research shows (viral claim 236).",0
New phone app lets you control weather with a swipe (viral claim 346).,0
Scientists announce proof that Earth will stop rotating by 2030 (viral claim 28).,0
Secret government AI will replace all teachers starting next month (viral claim 431).,0
Scientists identify a new species of deep-sea fish (reported by local media 456).,1
Alien civilization moves into a hidden city under the Himalayas (viral claim 184).,0
New public transport routes announced to reduce city congestion (reported by local media 134).,1
India announces expansion of its national solar power initiative (reported by local media 23).,1
Researchers prove that drinking river water grants super strength (viral claim 174).,0
"Trees will start walking and migrating, botanists amazed (viral claim 97).",0
Scientists confirm humans can breathe in space without a suit (viral claim 499).,0
Health ministry approves new guidelines for diabetes management (reported by local media 417).,1
Researchers discover new biodegradable material from seaweed (reported by local media 368).,1
Scientists confirm humans can breathe in space without a suit (viral claim 131).,0
Wi-Fi signals will cause spontaneous teleportation in 2027 (viral claim 221).,0
New law will require everyone to wear identical shoes from 2026 (viral claim 337).,0
New public transport routes announced to reduce city congestion (reported by local media 152).,1
Scientists find a pill that erases bad memories permanently (viral claim 170).,0
SpaceX successfully launches a new batch of communication satellites (reported by local media 483).,1
Volcano in the Arctic will melt overnight and reveal an ancient city (viral claim 74).,0
Health ministry approves new guidelines for diabetes management (reported by local media 62).,1
Study finds improved crop yields using drought-resistant seeds (reported by local media 393).,1
SpaceX successfully launches a new batch of communication satellites (reported by local media 25).,1
Secret government AI will replace all teachers starting next month (viral claim 176).,0
"New vaccine turns people into instant geniuses, lab says (viral claim 463).",0
Scientists identify a new species of deep-sea fish (reported by local media 71).,1
SpaceX successfully launches a new batch of communication satellites (reported by local media 235).,1
Wi-Fi signals will cause spontaneous teleportation in 2027 (viral claim 199).,0
Government to start charging citizens for access to sunlight next year (viral claim 312).,0
NASA confirms successful test of its new Earth observation satellite (reported by local media 160).,1
"Trees will start walking and migrating, botanists amazed (viral claim 9).",0
Company introduces phone that can teleport you to another city (viral claim 404).,0
Research shows that breakfast quality affects student performance (reported by local media 395).,1
WHO reports a decline in malaria cases after new vaccination campaign (reported by local media 404).,1
"New vaccine turns people into instant geniuses, lab says (viral claim 203).",0
Researchers prove that drinking river water grants super strength (viral claim 268).,0
Researchers develop a promising treatment for early-stage Alzheimer's (reported by local media 310).,1
India announces expansion of its national solar power initiative (reported by local media 19).,1
Company introduces phone that can teleport you to another city (viral claim 87).,0
New law will require everyone to wear identical shoes from 2026 (viral claim 122).,0
Breakthrough in battery tech could extend EV range significantly (reported by local media 414).,1
Researchers prove that drinking river water grants super strength (viral claim 333).,0
Study finds improved crop yields using drought-resistant seeds (reported by local media 377).,1
International summit agrees on new climate finance commitments (reported by local media 429).,1
Breakthrough in battery tech could extend EV range significantly (reported by local media 77).,1
Government to start charging citizens for access to sunlight next year (viral claim 143).,0
Study shows regular exercise reduces anxiety among teenagers (reported by local media 301).,1
New law will require everyone to wear identical shoes from 2026 (viral claim 284).,0
New phone app lets you control weather with a swipe (viral claim 371).,0
Wi-Fi signals will cause spontaneous teleportation in 2027 (viral claim 8).,0
"Trees will start walking and migrating, botanists amazed (viral claim 63).",0
Breakthrough in battery tech could extend EV range significantly (reported by local media 161).,1
Mystery billionaire buys entire country to make it one big theme park (viral claim 127).,0
"Eating only bananas can make you live to 200 years, study claims (viral claim 328).",0
Study shows regular exercise reduces anxiety among teenagers (reported by local media 482).,1
Study shows regular exercise reduces anxiety among teenagers (reported by local media 95).,1
Researchers prove that drinking river water grants super strength (viral claim 57).,0
University researchers map the human genome variations linked to disease (reported by local media 308).,1
NASA confirms successful test of its new Earth observation satellite (reported by local media 303).,1
Research shows that breakfast quality affects student performance (reported by local media 90).,1
Government to start charging citizens for access to sunlight next year (viral claim 150).,0
Mystery billionaire buys entire country to make it one big theme park (viral claim 379).,0
Researchers develop a promising treatment for early-stage Alzheimer's (reported by local media 356).,1
"New vaccine turns people into instant geniuses, lab says (viral claim 361).",0
"Trees will start walking and migrating, botanists amazed (viral claim 342).",0
Scientists find a pill that erases bad memories permanently (viral claim 489).,0
New law will require everyone to wear identical shoes from 2026 (viral claim 258).,0
Study shows regular exercise reduces anxiety among teenagers (reported by local media 492).,1
"Trees will start walking and migrating, botanists amazed (viral claim 22).",0
Government to start charging citizens for access to sunlight next year (viral claim 454).,0
Scientists confirm humans can breathe in space without a suit (viral claim 78).,0
"Trees will start walking and migrating, botanists amazed (viral claim 425).",0
Alien civilization moves into a hidden city under the Himalayas (viral claim 85).,0
Scientists identify a new species of deep-sea fish (reported by local media 8).,1
Alien civilization moves into a hidden city under the Himalayas (viral claim 255).,0
Researchers develop a promising treatment for early-stage Alzheimer's (reported by local media 24).,1
New law will require everyone to wear identical shoes from 2026 (viral claim 485).,0
University researchers map the human genome variations linked to disease (reported by local media 470).,1
New phone app lets you control weather with a swipe (viral claim 257).,0
Health ministry approves new guidelines for diabetes management (reported by local media 476).,1
UN releases report on rising sea levels affecting coastal cities (reported by local media 240).,1
New phone app lets you control weather with a swipe (viral claim 141).,0
Breakthrough in battery tech could extend EV range significantly (reported by local media 359).,1
New law will require everyone to wear identical shoes from 2026 (viral claim 438).,0
Mystery billionaire buys entire country to make it one big theme park (viral claim 112).,0
Microsoft publishes security patch fixing critical vulnerability (reported by local media 13).,1
Researchers discover new biodegradable material from seaweed (reported by local media 477).,1
Company introduces phone that can teleport you to another city (viral claim 218).,0
New phone app lets you control weather with a swipe (viral claim 475).,0
New public transport routes announced to reduce city congestion (reported by local media 182).,1
Researchers prove that drinking river water grants super strength (viral claim 114).,0
"Wearing a hat backwards will increase your IQ, research shows (viral claim 18).",0
Mobile phones cause people to levitate if used for more than 2 hours (viral claim 482).,0
New public transport routes announced to reduce city congestion (reported by local media 187).,1
Scientists find a pill that erases bad memories permanently (viral claim 234).,0
"Trees will start walking and migrating, botanists amazed (viral claim 483).",0
UN releases report on rising sea levels affecting coastal cities (reported by local media 425).,1
Research shows that breakfast quality affects student performance (reported by local media 352).,1
Government to start charging citizens for access to sunlight next year (viral claim 420).,0
City unveils plan to plant one million trees in five years (reported by local media 97).,1
NASA confirms successful test of its new Earth observation satellite (reported by local media 427).,1
Health ministry approves new guidelines for diabetes management (reported by local media 432).,1
Scientists find a pill that erases bad memories permanently (viral claim 251).,0
"Trees will start walking and migrating, botanists amazed (viral claim 484).",0
Study shows regular exercise reduces anxiety among teenagers (reported by local media 415).,1
"New vaccine turns people into instant geniuses, lab says (viral claim 289).",0
NASA confirms successful test of its new Earth observation satellite (reported by local media 484).,1
WHO reports a decline in malaria cases after new vaccination campaign (reported by local media 81).,1
City unveils plan to plant one million trees in five years (reported by local media 454).,1
Scientists identify a new species of deep-sea fish (reported by local media 76).,1
Government to ban blinking after sunset for safety reasons (viral claim 400).,0
New law will require everyone to wear identical shoes from 2026 (viral claim 496).,0
New phone app lets you control weather with a swipe (viral claim 377).,0
Scientists find a pill that erases bad memories permanently (viral claim 55).,0
New public transport routes announced to reduce city congestion (reported by local media 113).,1
Researchers develop a promising treatment for early-stage Alzheimer's (reported by local media 344).,1
Company introduces phone that can teleport you to another city (viral claim 51).,0
Scientists announce proof that Earth will stop rotating by 2030 (viral claim 210).,0
Volcano in the Arctic will melt overnight and reveal an ancient city (viral claim 209).,0
University researchers map the human genome variations linked to disease (reported by local media 375).,1
University researchers map the human genome variations linked to disease (reported by local media 293).,1
Breakthrough in battery tech could extend EV range significantly (reported by local media 390).,1
University researchers map the human genome variations linked to disease (reported by local media 336).,1
Wi-Fi signals will cause spontaneous teleportation in 2027 (viral claim 59).,0
Government to ban blinking after sunset for safety reasons (viral claim 26).,0
"Trees will start walking and migrating, botanists amazed (viral claim 75).",0
Mobile phones cause people to levitate if used for more than 2 hours (viral claim 201).,0
Mystery billionaire buys entire country to make it one big theme park (viral claim 472).,0
Scientists find a pill that erases bad memories permanently (viral claim 103).,0
Health ministry approves new guidelines for diabetes management (reported by local media 329).,1
Researchers prove that drinking river water grants super strength (viral claim 421).,0
Study finds improved crop yields using drought-resistant seeds (reported by local media 381).,1
Researchers develop a promising treatment for early-stage Alzheimer's (reported by local media 4).,1
Mobile phones cause people to levitate if used for more than 2 hours (viral claim 403).,0
Researchers develop a promising treatment for early-stage Alzheimer's (reported by local media 18).,1
City unveils plan to plant one million trees in five years (reported by local media 226).,1
Alien civilization moves into a hidden city under the Himalayas (viral claim 325).,0
Scientists announce proof that Earth will stop rotating by 2030 (viral claim 126).,0
New law will require everyone to wear identical shoes from 2026 (viral claim 151).,0
NASA confirms successful test of its new Earth observation satellite (reported by local media 373).,1
Alien civilization moves into a hidden city under the Himalayas (viral claim 285).,0
Drinking saltwater cures all diseases according to viral report (viral claim 311).,0
Microsoft publishes security patch fixing critical vulnerability (reported by local media 366).,1
"Trees will start walking and migrating, botanists amazed (viral claim 445).",0
University researchers map the human genome variations linked to disease (reported by local media 131).,1
UN releases report on rising sea levels affecting coastal cities (reported by local media 305).,1
Government to ban blinking after sunset for safety reasons (viral claim 148).,0
WHO reports a decline in malaria cases after new vaccination campaign (reported by local media 207).,1
UN releases report on rising sea levels affecting coastal cities (reported by local media 75).,1
SpaceX successfully launches a new batch of communication satellites (reported by local media 394).,1
Research shows that breakfast quality affects student performance (reported by local media 320).,1
Company introduces phone that can teleport you to another city (viral claim 444).,0
Health ministry approves new guidelines for diabetes management (reported by local media 275).,1
Health ministry approves new guidelines for diabetes management (reported by local media 443).,1
SpaceX successfully launches a new batch of communication satellites (reported by local media 244).,1
"Eating only bananas can make you live to 200 years, study claims (viral claim 73).",0
Breakthrough in battery tech could extend EV range significantly (reported by local media 73).,1
Local government announces new subsidies for electric vehicles (reported by local media 360).,1
"Wearing a hat backwards will increase your IQ, research shows (viral claim 465).",0
Mystery billionaire buys entire country to make it one big theme park (viral claim 369).,0
Company introduces phone that can teleport you to another city (viral claim 329).,0
India announces expansion of its national solar power initiative (reported by local media 174).,1
New law will require everyone to wear identical shoes from 2026 (viral claim 231).,0
New law will require everyone to wear identical shoes from 2026 (viral claim 162).,0
Scientists identify a new species of deep-sea fish (reported by local media 93).,1
Wi-Fi signals will cause spontaneous teleportation in 2027 (viral claim 61).,0
Mobile phones cause people to levitate if used for more than 2 hours (viral claim 426).,0
Local government announces new subsidies for electric vehicles (reported by local media 304).,1
Researchers prove that drinking river water grants super strength (viral claim 71).,0
SpaceX successfully launches a new batch of communication satellites (reported by local media 479).,1
Government to ban blinking after sunset for safety reasons (viral claim 98).,0
"Wearing a hat backwards will increase your IQ, research shows (viral claim 304).",0
"New vaccine turns people into instant geniuses, lab says (viral claim 139).",0
New law will require everyone to wear identical shoes from 2026 (viral claim 146).,0
Apple unveils updates to iOS improving battery performance (reported by local media 200).,1
University researchers map the human genome variations linked to disease (reported by local media 61).,1
"Wearing a hat backwards will increase your IQ, research shows (viral claim 91).",0
Study shows regular exercise reduces anxiety among teenagers (reported by local media 101).,1
UN releases report on rising sea levels affecting coastal cities (reported by local media 219).,1
Health ministry approves new guidelines for diabetes management (reported by local media 123).,1
New phone app lets you control weather with a swipe (viral claim 207).,0
Research shows that breakfast quality affects student performance (reported by local media 466).,1
Secret government AI will replace all teachers starting next month (viral claim 382).,0
NASA confirms successful test of its new Earth observation satellite (reported by local media 453).,1
Secret government AI will replace all teachers starting next month (viral claim 417).,0
Secret government AI will replace all teachers starting next month (viral claim 443).,0
Researchers prove that drinking river water grants super strength (viral claim 64).,0
New law will require everyone to wear identical shoes from 2026 (viral claim 318).,0
UN releases report on rising sea levels affecting coastal cities (reported by local media 201).,1
SpaceX successfully launches a new batch of communication satellites (reported by local media 392).,1
Local government announces new subsidies for electric vehicles (reported by local media 385).,1
Scientists find a pill that erases bad memories permanently (viral claim 367).,0
Drinking saltwater cures all diseases according to viral report (viral claim 456).,0
Mystery billionaire buys entire country to make it one big theme park (viral claim 109).,0
Government to start charging citizens for access to sunlight next year (viral claim 320).,0
Mobile phones cause people to levitate if used for more than 2 hours (viral claim 457).,0
SpaceX successfully launches a new batch of communication satellites (reported by local media 376).,1
Local government announces new subsidies for electric vehicles (reported by local media 403).,1
New law will require everyone to wear identical shoes from 2026 (viral claim 459).,0
UN releases report on rising sea levels affecting coastal cities (reported by local media 312).,1
Apple unveils updates to iOS improving battery performance (reported by local media 437).,1
Research shows that breakfast quality affects student performance (reported by local media 380).,1
New public transport routes announced to reduce city congestion (reported by local media 193).,1
Study shows regular exercise reduces anxiety among teenagers (reported by local media 486).,1
Scientists announce proof that Earth will stop rotating by 2030 (viral claim 254).,0
Secret government AI will replace all teachers starting next month (viral claim 133).,0
Alien civilization moves into a hidden city under the Himalayas (viral claim 409).,0
Government to start charging citizens for access to sunlight next year (viral claim 220).,0
Health ministry approves new guidelines for diabetes management (reported by local media 248).,1
International summit agrees on new climate finance commitments (reported by local media 56).,1
Scientists confirm humans can breathe in space without a suit (viral claim 345).,0
Local government announces new subsidies for electric vehicles (reported by local media 116).,1
"Eating only bananas can make you live to 200 years, study claims (viral claim 434).",0
"Wearing a hat backwards will increase your IQ, research shows (viral claim 303).",0
Government to ban blinking after sunset for safety reasons (viral claim 335).,0
"Trees will start walking and migrating, botanists amazed (viral claim 186).",0
Mystery billionaire buys entire country to make it one big theme park (viral claim 490).,0
Breakthrough in battery tech could extend EV range significantly (reported by local media 421).,1
Researchers prove that drinking river water grants super strength (viral claim 116).,0
Scientists announce proof that Earth will stop rotating by 2030 (viral claim 392).,0
City unveils plan to plant one million trees in five years (reported by local media 338).,1
Drinking saltwater cures all diseases according to viral report (viral claim 158).,0
Researchers discover new biodegradable material from seaweed (reported by local media 324).,1
Microsoft publishes security patch fixing critical vulnerability (reported by local media 205).,1
Local government announces new subsidies for electric vehicles (reported by local media 449).,1
Company introduces phone that can teleport you to another city (viral claim 354).,0
Microsoft publishes security patch fixing critical vulnerability (reported by local media 179).,1
Researchers discover new biodegradable material from seaweed (reported by local media 129).,1
International summit agrees on new climate finance commitments (reported by local media 372).,1
"Wearing a hat backwards will increase your IQ, research shows (viral claim 313).",0
Local government announces new subsidies for electric vehicles (reported by local media 316).,1
City unveils plan to plant one million trees in five years (reported by local media 141).,1
NASA confirms successful test of its new Earth observation satellite (reported by local media 188).,1
Research shows that breakfast quality affects student performance (reported by local media 192).,1
Study finds improved crop yields using drought-resistant seeds (reported by local media 112).,1
Government to start charging citizens for access to sunlight next year (viral claim 476).,0
International summit agrees on new climate finance commitments (reported by local media 407).,1
Local government announces new subsidies for electric vehicles (reported by local media 236).,1
Company introduces phone that can teleport you to another city (viral claim 173).,0
"New vaccine turns people into instant geniuses, lab says (viral claim 252).",0
Scientists confirm humans can breathe in space without a suit (viral claim 319).,0
Alien civilization moves into a hidden city under the Himalayas (viral claim 493).,0
New public transport routes announced to reduce city congestion (reported by local media 464).,1
Government to ban blinking after sunset for safety reasons (viral claim 452).,0
Scientists confirm humans can breathe in space without a suit (viral claim 309).,0
Mystery billionaire buys entire country to make it one big theme park (viral claim 427).,0
New phone app lets you control weather with a swipe (viral claim 401).,0
Government to start charging citizens for access to sunlight next year (viral claim 322).,0
Microsoft publishes security patch fixing critical vulnerability (reported by local media 423).,1
Microsoft publishes security patch fixing critical vulnerability (reported by local media 278).,1
Alien civilization moves into a hidden city under the Himalayas (viral claim 478).,0
Mystery billionaire buys entire country to make it one big theme park (viral claim 288).,0
"Trees will start walking and migrating, botanists amazed (viral claim 397).",0
Government to start charging citizens for access to sunlight next year (viral claim 42).,0
Microsoft publishes security patch fixing critical vulnerability (reported by local media 121).,1
Apple unveils updates to iOS improving battery performance (reported by local media 349).,1
Volcano in the Arctic will melt overnight and reveal an ancient city (viral claim 79).,0
University researchers map the human genome variations linked to disease (reported by local media 262).,1
Researchers prove that drinking river water grants super strength (viral claim 17).,0
Health ministry approves new guidelines for diabetes management (reported by local media 270).,1
Apple unveils updates to iOS improving battery performance (reported by local media 85).,1
International summit agrees on new climate finance commitments (reported by local media 327).,1
Scientists identify a new species of deep-sea fish (reported by local media 445).,1
Wi-Fi signals will cause spontaneous teleportation in 2027 (viral claim 428).,0
New law will require everyone to wear identical shoes from 2026 (viral claim 423).,0
Health ministry approves new guidelines for diabetes management (reported by local media 472).,1
"Trees will start walking and migrating, botanists amazed (viral claim 366).",0
"Wearing a hat backwards will increase your IQ, research shows (viral claim 47).",0
Secret government AI will replace all teachers starting next month (viral claim 281).,0
New public transport routes announced to reduce city congestion (reported by local media 120).,1
Study shows regular exercise reduces anxiety among teenagers (reported by local media 371).,1
Apple unveils updates to iOS improving battery performance (reported by local media 287).,1
Local government announces new subsidies for electric vehicles (reported by local media 345).,1
Researchers discover new biodegradable material from seaweed (reported by local media 230).,1
Drinking saltwater cures all diseases according to viral report (viral claim 276).,0
University researchers map the human genome variations linked to disease (reported by local media 444).,1
Researchers develop a promising treatment for early-stage Alzheimer's (reported by local media 103).,1
Study finds improved crop yields using drought-resistant seeds (reported by local media 196).,1
WHO reports a decline in malaria cases after new vaccination campaign (reported by local media 397).,1
"Trees will start walking and migrating, botanists amazed (viral claim 198).",0
Microsoft publishes security patch fixing critical vulnerability (reported by local media 383).,1
UN releases report on rising sea levels affecting coastal cities (reported by local media 424).,1
Scientists announce proof that Earth will stop rotating by 2030 (viral claim 108).,0
Study shows regular exercise reduces anxiety among teenagers (reported by local media 2).,1
India announces expansion of its national solar power initiative (reported by local media 384).,1
Study finds improved crop yields using drought-resistant seeds (reported by local media 321).,1
New phone app lets you control weather with a swipe (viral claim 464).,0
Apple unveils updates to iOS improving battery performance (reported by local media 306).,1
Study shows regular exercise reduces anxiety among teenagers (reported by local media 369).,1
Breakthrough in battery tech could extend EV range significantly (reported by local media 273).,1
New phone app lets you control weather with a swipe (viral claim 362).,0
Government to start charging citizens for access to sunlight next year (viral claim 341).,0
Microsoft publishes security patch fixing critical vulnerability (reported by local media 49).,1
International summit agrees on new climate finance commitments (reported by local media 402).,1
Volcano in the Arctic will melt overnight and reveal an ancient city (viral claim 363).,0
"Wearing a hat backwards will increase your IQ, research shows (viral claim 286).",0
UN releases report on rising sea levels affecting coastal cities (reported by local media 203).,1
SpaceX successfully launches a new batch of communication satellites (reported by local media 251).,1
"Wearing a hat backwards will increase your IQ, research shows (viral claim 23).",0
Apple unveils updates to iOS improving battery performance (reported by local media 16).,1
Scientists find a pill that erases bad memories permanently (viral claim 389).,0
Government to ban blinking after sunset for safety reasons (viral claim 419).,0
Researchers develop a promising treatment for early-stage Alzheimer's (reported by local media 100).,1
SpaceX successfully launches a new batch of communication satellites (reported by local media 67).,1
Scientists confirm humans can breathe in space without a suit (viral claim 13).,0
SpaceX successfully launches a new batch of communication satellites (reported by local media 440).,1
WHO reports a decline in malaria cases after new vaccination campaign (reported by local media 115).,1
"Eating only bananas can make you live to 200 years, study claims (viral claim 244).",0
Research shows that breakfast quality affects student performance (reported by local media 386).,1
Researchers develop a promising treatment for early-stage Alzheimer's (reported by local media 189).,1
Scientists identify a new species of deep-sea fish (reported by local media 144).,1
Health ministry approves new guidelines for diabetes management (reported by local media 209).,1
Researchers discover new biodegradable material from seaweed (reported by local media 337).,1
Government to start charging citizens for access to sunlight next year (viral claim 195).,0
NASA confirms successful test of its new Earth observation satellite (reported by local media 296).,1
Scientists identify a new species of deep-sea fish (reported by local media 249).,1
NASA confirms successful test of its new Earth observation satellite (reported by local media 69).,1
University researchers map the human genome variations linked to disease (reported by local media 31).,1
Mystery billionaire buys entire country to make it one big theme park (viral claim 235).,0
Scientists announce proof that Earth will stop rotating by 2030 (viral claim 323).,0
NASA confirms successful test of its new Earth observation satellite (reported by local media 64).,1
Apple unveils updates to iOS improving battery performance (reported by local media 488).,1
City unveils plan to plant one million trees in five years (reported by local media 260).,1
SpaceX successfully launches a new batch of communication satellites (reported by local media 419).,1
NASA confirms successful test of its new Earth observation satellite (reported by local media 481).,1
Health ministry approves new guidelines for diabetes management (reported by local media 32).,1
Researchers develop a promising treatment for early-stage Alzheimer's (reported by local media 406).,1
Researchers discover new biodegradable material from seaweed (reported by local media 7).,1
International summit agrees on new climate finance commitments (reported by local media 78).,1
Study finds improved crop yields using drought-resistant seeds (reported by local media 20).,1
Breakthrough in battery tech could extend EV range significantly (reported by local media 246).,1
Alien civilization moves into a hidden city under the Himalayas (viral claim 189).,0
Drinking saltwater cures all diseases according to viral report (viral claim 93).,0
Drinking saltwater cures all diseases according to viral report (viral claim 381).,0
International summit agrees on new climate finance commitments (reported by local media 108).,1
Alien civilization moves into a hidden city under the Himalayas (viral claim 395).,0
Study finds improved crop yields using drought-resistant seeds (reported by local media 26).,1
WHO reports a decline in malaria cases after new vaccination campaign (reported by local media 439).,1
Drinking saltwater cures all diseases according to viral report (viral claim 168).,0
SpaceX successfully launches a new batch of communication satellites (reported by local media 374).,1
"Wearing a hat backwards will increase your IQ, research shows (viral claim 359).",0
UN releases report on rising sea levels affecting coastal cities (reported by local media 362).,1
"Wearing a hat backwards will increase your IQ, research shows (viral claim 147).",0
Scientists find a pill that erases bad memories permanently (viral claim 350).,0
Scientists confirm humans can breathe in space without a suit (viral claim 125).,0
Researchers discover new biodegradable material from seaweed (reported by local media 363).,1
Volcano in the Arctic will melt overnight and reveal an ancient city (viral claim 230).,0
Government to start charging citizens for access to sunlight next year (viral claim 227).,0
Local government announces new subsidies for electric vehicles (reported by local media 498).,1
New law will require everyone to wear identical shoes from 2026 (viral claim 407).,0
SpaceX successfully launches a new batch of communication satellites (reported by local media 431).,1
"Trees will start walking and migrating, botanists amazed (viral claim 134).",0
Government to start charging citizens for access to sunlight next year (viral claim 100).,0
Scientists announce proof that Earth will stop rotating by 2030 (viral claim 80).,0
Scientists announce proof that Earth will stop rotating by 2030 (viral claim 277).,0
"New vaccine turns people into instant geniuses, lab says (viral claim 364).",0
Scientists announce proof that Earth will stop rotating by 2030 (viral claim 200).,0
Microsoft publishes security patch fixing critical vulnerability (reported by local media 351).,1
Apple unveils updates to iOS improving battery performance (reported by local media 238).,1
Secret government AI will replace all teachers starting next month (viral claim 410).,0
Researchers prove that drinking river water grants super strength (viral claim 385).,0
Mystery billionaire buys entire country to make it one big theme park (viral claim 52).,0
Company introduces phone that can teleport you to another city (viral claim 282).,0
Secret government AI will replace all teachers starting next month (viral claim 194).,0
Scientists confirm humans can breathe in space without a suit (viral claim 0).,0
Company introduces phone that can teleport you to another city (viral claim 468).,0
International summit agrees on new climate finance commitments (reported by local media 491).,1
Drinking saltwater cures all diseases according to viral report (viral claim 280).,0
Research shows that breakfast quality affects student performance (reported by local media 40).,1
"New vaccine turns people into instant geniuses, lab says (viral claim 102).",0
Local government announces new subsidies for electric vehicles (reported by local media 17).,1
"Eating only bananas can make you live to 200 years, study claims (viral claim 387).",0
SpaceX successfully launches a new batch of communication satellites (reported by local media 254).,1
Company introduces phone that can teleport you to another city (viral claim 213).,0
Microsoft publishes security patch fixing critical vulnerability (reported by local media 227).,1
WHO reports a decline in malaria cases after new vaccination campaign (reported by local media 183).,1
Government to ban blinking after sunset for safety reasons (viral claim 45).,0
Secret government AI will replace all teachers starting next month (viral claim 169).,0
Mystery billionaire buys entire country to make it one big theme park (viral claim 448).,0
Study shows regular exercise reduces anxiety among teenagers (reported by local media 282).,1
Researchers prove that drinking river water grants super strength (viral claim 172).,0
International summit agrees on new climate finance commitments (reported by local media 388).,1
Mobile phones cause people to levitate if used for more than 2 hours (viral claim 120).,0
New law will require everyone to wear identical shoes from 2026 (viral claim 6).,0
Alien civilization moves into a hidden city under the Himalayas (viral claim 157).,0
Study shows regular exercise reduces anxiety among teenagers (reported by local media 300).,1
Alien civilization moves into a hidden city under the Himalayas (viral claim 193).,0
Secret government AI will replace all teachers starting next month (viral claim 136).,0
Researchers develop a promising treatment for early-stage Alzheimer's (reported by local media 83).,1
Breakthrough in battery tech could extend EV range significantly (reported by local media 420).,1
Apple unveils updates to iOS improving battery performance (reported by local media 496).,1
NASA confirms successful test of its new Earth observation satellite (reported by local media 323).,1
Apple unveils updates to iOS improving battery performance (reported by local media 409).,1
University researchers map the human genome variations linked to disease (reported by local media 242).,1
Microsoft publishes security patch fixing critical vulnerability (reported by local media 490).,1
Breakthrough in battery tech could extend EV range significantly (reported by local media 252).,1
Scientists find a pill that erases bad memories permanently (viral claim 415).,0
Drinking saltwater cures all diseases according to viral report (viral claim 121).,0
Local government announces new subsidies for electric vehicles (reported by local media 283).,1
Company introduces phone that can teleport you to another city (viral claim 437).,0
Researchers develop a promising treatment for early-stage Alzheimer's (reported by local media 281).,1
New public transport routes announced to reduce city congestion (reported by local media 343).,1
Scientists announce proof that Earth will stop rotating by 2030 (viral claim 94).,0
India announces expansion of its national solar power initiative (reported by local media 391).,1
Mystery billionaire buys entire country to make it one big theme park (viral claim 349).,0
"Trees will start walking and migrating, botanists amazed (viral claim 237).",0
Researchers prove that drinking river water grants super strength (viral claim 340).,0
Researchers discover new biodegradable material from seaweed (reported by local media 255).,1
SpaceX successfully launches a new batch of communication satellites (reported by local media 29).,1
SpaceX successfully launches a new batch of communication satellites (reported by local media 237).,1
Microsoft publishes security patch fixing critical vulnerability (reported by local media 280).,1
Health ministry approves new guidelines for diabetes management (reported by local media 428).,1
New law will require everyone to wear identical shoes from 2026 (viral claim 373).,0
Researchers develop a promising treatment for early-stage Alzheimer's (reported by local media 126).,1
"Trees will start walking and migrating, botanists amazed (viral claim 10).",0
Company introduces phone that can teleport you to another city (viral claim 156).,0
"Trees will start walking and migrating, botanists amazed (viral claim 229).",0
SpaceX successfully launches a new batch of communication satellites (reported by local media 80).,1
City unveils plan to plant one million trees in five years (reported by local media 138).,1
Company introduces phone that can teleport you to another city (viral claim 477).,0
New law will require everyone to wear identical shoes from 2026 (viral claim 95).,0
Alien civilization moves into a hidden city under the Himalayas (viral claim 192).,0
Drinking saltwater cures all diseases according to viral report (viral claim 402).,0
"Wearing a hat backwards will increase your IQ, research shows (viral claim 206).",0
Government to ban blinking after sunset for safety reasons (viral claim 245).,0
"Trees will start walking and migrating, botanists amazed (viral claim 171).",0
"Eating only bananas can make you live to 200 years, study claims (viral claim 384).",0
Local government announces new subsidies for electric vehicles (reported by local media 154).,1
Mobile phones cause people to levitate if used for more than 2 hours (viral claim 330).,0
Research shows that breakfast quality affects student performance (reported by local media 65).,1
Wi-Fi signals will cause spontaneous teleportation in 2027 (viral claim 331).,0
Researchers prove that drinking river water grants super strength (viral claim 435).,0
Alien civilization moves into a hidden city under the Himalayas (viral claim 49).,0
Health ministry approves new guidelines for diabetes management (reported by local media 186).,1
"Wearing a hat backwards will increase your IQ, research shows (viral claim 43).",0
Scientists identify a new species of deep-sea fish (reported by local media 229).,1
Apple unveils updates to iOS improving battery performance (reported by local media 165).,1
City unveils plan to plant one million trees in five years (reported by local media 107).,1
Local government announces new subsidies for electric vehicles (reported by local media 233).,1
"Wearing a hat backwards will increase your IQ, research shows (viral claim 60).",0
Research shows that breakfast quality affects student performance (reported by local media 307).,1
Researchers discover new biodegradable material from seaweed (reported by local media 10).,1
UN releases report on rising sea levels affecting coastal cities (reported by local media 350).,1
New law will require everyone to wear identical shoes from 2026 (viral claim 35).,0
City unveils plan to plant one million trees in five years (reported by local media 53).,1
International summit agrees on new climate finance commitments (reported by local media 135).,1
WHO reports a decline in malaria cases after new vaccination campaign (reported by local media 430).,1
Scientists confirm humans can breathe in space without a suit (viral claim 217).,0
Research shows that breakfast quality affects student performance (reported by local media 51).,1
